Actual,Predicted
192261.83,192390.57136320992
191792.06,189071.32010493916
191050.39,182276.18673283135
